"","p_val","avg_log2FC","pct.1","pct.2","p_val_adj","cluster","gene"
"1",0,2.18098335612569,0.851,0.247,0,"0","IL7R"
"2",0,1.72031146614182,0.863,0.373,0,"0","LTB"
"3",0,1.4000323932242,0.616,0.176,0,"0","TCF7"
"4",0,1.39058483663364,0.774,0.432,0,"0","LDHB"
"5",0,1.29728153068694,0.722,0.245,0,"0","TRAC"
"6",0,1.25823613868037,0.779,0.274,0,"0","CD3E"
"7",0,1.21541489616002,0.705,0.319,0,"0","TRBC2"
"8",0,1.2127107531467,0.53,0.161,0,"0","RCAN3"
"9",0,1.16534204891565,0.81,0.289,0,"0","CD3D"
"10",0,1.14824267381064,0.74,0.24,0,"0","CD3G"
"11",0,3.19627398611165,0.998,0.412,0,"1","LYZ"
"12",0,2.85008509173762,0.97,0.181,0,"1","VCAN"
"13",0,2.78777059603157,0.891,0.113,0,"1","S100A12"
"14",0,2.70493363479569,0.984,0.184,0,"1","FCN1"
"15",0,2.6316484769086,0.958,0.162,0,"1","MNDA"
"16",0,2.56662736325737,0.996,0.507,0,"1","CTSS"
"17",0,2.49420349845317,0.998,0.577,0,"1","S100A9"
"18",0,2.21642636176828,0.965,0.29,0,"1","GPX1"
"19",0,2.20684037501012,0.893,0.105,0,"1","CD14"
"20",0,2.19975996404216,0.586,0.116,0,"1","CXCL8"
"21",0,3.00757941144233,0.947,0.233,0,"10","HLA-DQA1"
"22",0,2.84507039362861,0.985,0.518,0,"10","HLA-DPB1"
"23",0,2.84105825134595,0.981,0.493,0,"10","HLA-DPA1"
"24",0,2.80180349639943,0.979,0.498,0,"10","HLA-DRB1"
"25",0,2.8008419767109,0.995,0.548,0,"10","HLA-DRA"
"26",0,2.74116893304541,0.786,0.014,0,"10","FCER1A"
"27",0,2.60851148856792,0.963,0.47,0,"10","CST3"
"28",0,2.56393513272242,0.957,0.358,0,"10","HLA-DQB1"
"29",0,2.35716189487919,0.997,0.68,0,"10","CD74"
"30",0,2.33927236193881,0.738,0.028,0,"10","CLEC10A"
"31",0,6.11356950901137,0.964,0.019,0,"11","DCN"
"32",0,5.72444838340571,0.942,0.022,0,"11","COL1A1"
"33",0,5.61574917403231,0.959,0.021,0,"11","COL1A2"
"34",0,5.38614839250885,0.927,0.017,0,"11","COL3A1"
"35",0,4.82543993880238,0.809,0.041,0,"11","CXCL14"
"36",0,4.60334219389323,0.879,0.268,0,"11","CFD"
"37",0,4.48264171564594,0.735,0.011,0,"11","APOD"
"38",0,4.47606990951693,0.872,0.015,0,"11","CCDC80"
"39",0,4.41493424518295,0.939,0.032,0,"11","COL6A1"
"40",0,4.33278124513734,0.947,0.059,0,"11","COL6A2"
"41",0,4.93773967978651,0.727,0.029,0,"12","ACTA2"
"42",0,4.69801963491803,0.75,0.026,0,"12","C11orf96"
"43",0,4.33270078875661,0.66,0.042,0,"12","TAGLN"
"44",0,4.25809373913079,0.93,0.056,0,"12","CALD1"
"45",0,4.1873503372912,0.74,0.028,0,"12","MYL9"
"46",0,4.18262390583735,0.717,0.033,0,"12","TPM2"
"47",0,4.04484238068255,0.942,0.131,0,"12","IGFBP7"
"48",0,3.89506369002934,0.831,0.084,0,"12","ADIRF"
"49",0,3.74874047790438,0.517,0.034,0,"12","CCL2"
"50",0,3.56025487603166,0.587,0.036,0,"12","RGS16"
"51",0,4.81179018133717,0.987,0.476,0,"13","TXN"
"52",0,4.13875855035713,0.831,0.02,0,"13","CCL22"
"53",0,3.50886759524159,0.96,0.251,0,"13","BIRC3"
"54",0,3.37116818408543,0.903,0.011,0,"13","IDO1"
"55",0,3.20303927076685,0.934,0.06,0,"13","FSCN1"
"56",0,3.19182081318907,0.986,0.152,0,"13","ATP5F1E"
"57",0,3.12324626927649,0.958,0.227,0,"13","MARCKSL1"
"58",0,3.04676881332858,0.997,0.521,0,"13","HLA-DPB1"
"59",0,3.02334419719913,0.883,0.036,0,"13","RAMP1"
"60",0,2.8246051625334,1,0.682,0,"13","CD74"
"61",0,1.68484800818076,0.734,0.168,0,"14","IGKC"
"62",0,1.61602049004293,0.854,0.081,0,"14","MS4A1"
"63",0,1.51147957713876,0.866,0.09,0,"14","CD79A"
"64",0,1.44703148003518,0.715,0.071,0,"14","IGHM"
"65",0,1.28769705832113,0.64,0.055,0,"14","IGHD"
"66",0,1.17042135988794,0.727,0.078,0,"14","BANK1"
"67",0,1.09834358229519,0.996,0.683,0,"14","CD74"
"68",0,1.09544677254864,0.998,0.553,0,"14","HLA-DRA"
"69",0,1.07150195314355,0.715,0.133,0,"14","RALGPS2"
"70",0,1.04774209240804,0.738,0.137,0,"14","CD79B"
"71",0,4.24875847392263,0.65,0.024,0,"15","RNASE1"
"72",0,3.6025124536189,0.698,0.02,0,"15","C1QA"
"73",0,3.35156585327033,0.591,0.007,0,"15","C1QB"
"74",0,3.23794969260506,0.646,0.204,0,"15","CXCL8"
"75",0,3.00312953700059,0.999,0.975,0,"15","FTL"
"76",0,2.98289834150501,0.905,0.349,0,"15","CTSB"
"77",0,2.79483791887371,0.997,0.962,0,"15","FTH1"
"78",0,2.7538910896999,0.647,0.003,0,"15","C1QC"
"79",0,2.7053597586654,0.661,0.233,0,"15","GPR183"
"80",0,2.70421955445536,0.632,0.009,0,"15","MRC1"
"81",0,6.01023839560241,0.852,0.015,0,"16","PPBP"
"82",0,5.20906915728623,0.817,0.008,0,"16","PF4"
"83",0,4.43293544605009,0.73,0.146,0,"16","NRGN"
"84",0,4.0776815189777,0.727,0.006,0,"16","SDPR"
"85",0,4.04543785106919,0.678,0.004,0,"16","TUBB1"
"86",0,3.94725987211786,0.672,0.037,0,"16","GNG11"
"87",0,3.74545130960779,0.574,0.123,0,"16","RGS18"
"88",0,3.22043342112707,0.561,0.104,0,"16","HIST1H2AC"
"89",0,3.03941313759742,0.523,0.062,0,"16","CLU"
"90",0,2.62377787835245,0.754,0.419,0,"16","GPX1"
"91",0,5.51681298569198,0.882,0.168,0,"17","IGKC"
"92",0,5.02033049731269,0.924,0.04,0,"17","JCHAIN"
"93",0,3.05276194575815,0.851,0.024,0,"17","MZB1"
"94",0,2.97272932119339,0.846,0.155,0,"17","CCDC50"
"95",0,2.90617932511605,0.789,0.145,0,"17","IRF8"
"96",0,2.88105960181933,0.856,0.271,0,"17","PPP1R14B"
"97",0,2.8524798968562,0.906,0.075,0,"17","ITM2C"
"98",0,2.77856756070509,0.786,0.178,0,"17","GZMB"
"99",0,2.75647334663105,0.873,0.142,0,"17","TCF4"
"100",0,2.70237985354727,0.744,0.038,0,"17","PLD4"
"101",0,3.22001947295546,0.848,0.139,0,"18","STMN1"
"102",0,2.84139821940095,0.771,0.346,0,"18","HIST1H4C"
"103",0,2.61401259836836,0.888,0.448,0,"18","HMGB2"
"104",0,2.51436178727127,0.885,0.49,0,"18","TUBA1B"
"105",0,2.39784776509287,0.709,0.012,0,"18","MKI67"
"106",0,2.3803849001743,0.635,0.016,0,"18","TOP2A"
"107",0,2.31311587249955,0.657,0.02,0,"18","CENPF"
"108",0,2.18846925730436,0.813,0.337,0,"18","TUBB"
"109",0,2.13406070242695,0.644,0.028,0,"18","NUSAP1"
"110",0,1.99971423532887,0.848,0.512,0,"18","H2AFZ"
"111",0,4.51076993572622,0.704,0.088,0,"19","KRT14"
"112",0,4.34676788647757,0.6,0.06,0,"19","KRT5"
"113",0,4.3388009405679,0.732,0.074,0,"19","KRT1"
"114",0,4.20484741619642,0.658,0.044,0,"19","LGALS7"
"115",0,4.1242795621051,0.873,0.501,0,"19","KRT10"
"116",0,4.01400616824319,0.869,0.04,0,"19","AC004086.1"
"117",0,3.94418274443233,0.681,0.057,0,"19","LGALS7B"
"118",0,3.88432113861649,0.763,0.085,0,"19","SFN"
"119",0,3.49435649759793,0.679,0.105,0,"19","DMKN"
"120",0,3.26184247515686,0.917,0.243,0,"19","SYPL1"
"121",0,4.15770202241567,0.881,0.214,0,"2","GNLY"
"122",0,3.7812406507438,0.986,0.237,0,"2","NKG7"
"123",0,3.04451018957756,0.926,0.256,0,"2","CCL5"
"124",0,2.85719871518518,0.723,0.062,0,"2","FGFBP2"
"125",0,2.82344375786049,0.743,0.077,0,"2","GZMH"
"126",0,2.81504056630643,0.923,0.147,0,"2","GZMA"
"127",0,2.775319009539,0.756,0.081,0,"2","GZMB"
"128",0,2.66888212656217,0.923,0.174,0,"2","CST7"
"129",0,2.54808988890573,0.768,0.075,0,"2","KLRD1"
"130",0,2.45771500938476,0.731,0.084,0,"2","PRF1"
"131",0,6.20822894297171,0.63,0.002,0,"20","TPSB2"
"132",0,5.92177398908931,0.747,0.047,0,"20","HPGD"
"133",0,5.5681777712237,0.626,0.002,0,"20","TPSAB1"
"134",0,5.35388993440512,0.611,0.003,0,"20","CTSG"
"135",0,4.73850035395115,0.697,0.001,0,"20","CPA3"
"136",0,3.20780924652291,0.519,0.002,0,"20","MS4A2"
"137",0,3.01103703155182,0.559,0.002,0,"20","HPGDS"
"138",0,3.00520498285808,0.603,0.007,0,"20","KIT"
"139",0,3.00179470883588,0.661,0.009,0,"20","GATA2"
"140",8.56303630555891e-215,3.01088041135429,0.504,0.105,2.413834304174e-210,"20","SELENOK"
"141",0,2.15835227252105,0.5,0.016,0,"21","LINC01871"
"142",0,2.13852415679474,1,0.075,0,"21","CRCT1"
"143",0,1.90982936911489,0.776,0.035,0,"21","CCL20"
"144",1.24125176154695e-249,1.97012580300049,0.612,0.035,3.49896459062468e-245,"21","FYB1"
"145",2.65006048673535e-239,2.025549388743,1,0.102,7.47025550605829e-235,"21","CNFN"
"146",2.94836347029784e-149,2.58245463315826,0.879,0.13,8.31114178642258e-145,"21","NOP53"
"147",1.19326454724757e-137,2.37710599834672,0.974,0.162,3.36369343223617e-133,"21","ATP5F1E"
"148",5.37377599732003e-128,2.38653968179311,0.888,0.151,1.51481371588454e-123,"21","ATP5MG"
"149",8.09969162878129e-123,2.40586444842774,0.948,0.168,2.28322207323716e-118,"21","RACK1"
"150",2.7824754166681e-100,1.92368923224871,0.741,0.126,7.84351995204571e-96,"21","TRIR"
"151",0,3.08286210735631,0.704,0.034,0,"22","GAS5"
"152",2.55357219823279e-225,2.74386340582713,0.561,0.029,7.1982646695984e-221,"22","SNHG5"
"153",2.47711794084964e-202,2.70654379809931,0.561,0.032,6.98274776346106e-198,"22","SNHG6"
"154",5.91951720601726e-141,2.56426096044612,0.551,0.042,1.6686527052042e-136,"22","SNHG29"
"155",1.88533481707568e-113,3.24309385933359,0.806,0.125,5.31457031585463e-109,"22","EEF1G"
"156",9.77442004187108e-72,2.40018908902359,0.806,0.168,2.75531126560304e-67,"22","RACK1"
"157",6.26677097726527e-64,3.21863799425419,0.99,0.619,1.76654007078131e-59,"22","RPL17"
"158",1.17141953753258e-45,2.23055042924908,0.561,0.13,3.30211453435059e-41,"22","NOP53"
"159",2.20635437563788e-40,1.80020619550652,0.633,0.162,6.21949234948563e-36,"22","ATP5F1E"
"160",1.29637049887428e-17,1.78087752981537,0.612,0.359,3.6543387992767e-13,"22","MIF"
"161",0,3.80173025202795,0.713,0.132,0,"3","IGKC"
"162",0,3.4086763144571,0.901,0.036,0,"3","CD79A"
"163",0,3.2605255136657,0.884,0.027,0,"3","MS4A1"
"164",0,3.1784786336671,0.746,0.025,0,"3","IGHM"
"165",0,2.92938884043678,0.674,0.014,0,"3","IGHD"
"166",0,2.49277429693516,0.767,0.032,0,"3","BANK1"
"167",0,2.43349387710503,0.782,0.094,0,"3","CD79B"
"168",0,2.34694103992332,0.756,0.092,0,"3","RALGPS2"
"169",0,2.03867734640642,0.947,0.649,0,"3","CD37"
"170",0,1.93992378157806,0.991,0.663,0,"3","CD74"
"171",0,1.31186405135385,0.99,0.506,0,"4","LYZ"
"172",0,1.27481943731015,0.514,0.208,0,"4","RP11-1143G9.4"
"173",0,1.22861697479739,0.818,0.314,0,"4","VCAN"
"174",0,1.17119385907486,0.6,0.249,0,"4","S100A12"
"175",0,1.1275703766147,0.678,0.301,0,"4","MNDA"
"176",0,1.08712147177205,0.949,0.587,0,"4","CTSS"
"177",0,1.07584178692031,0.781,0.32,0,"4","FCN1"
"178",0,1.02602922889639,0.994,0.645,0,"4","S100A9"
"179",0,0.95592604131732,0.638,0.315,0,"4","CYBB"
"180",0,0.948114484930824,0.533,0.246,0,"4","CD14"
"181",0,6.97596043515678,0.913,0.041,0,"5","LCE3D"
"182",0,6.90603266258058,0.931,0.042,0,"5","CRCT1"
"183",0,6.65706928321257,0.936,0.07,0,"5","CNFN"
"184",0,6.48717689659485,0.929,0.055,0,"5","SPRR2E"
"185",0,6.00762825022916,0.866,0.036,0,"5","SPRR2G"
"186",0,5.89297677299536,0.914,0.062,0,"5","SLPI"
"187",0,5.79149663725033,0.915,0.049,0,"5","SPRR1B"
"188",0,5.62494349905188,0.789,0.042,0,"5","SPRR2D"
"189",0,5.61657658885174,0.952,0.071,0,"5","SBSN"
"190",0,5.50875669060595,0.812,0.051,0,"5","SPRR2A"
"191",0,5.51278219591778,0.872,0.061,0,"6","KRT14"
"192",0,5.24093166390797,0.791,0.049,0,"6","KRT1"
"193",0,5.09721415940313,0.911,0.487,0,"6","KRT10"
"194",0,4.6089279764037,0.728,0.135,0,"6","FABP5"
"195",0,4.56391507433023,0.769,0.035,0,"6","KRT5"
"196",0,4.40373491896938,0.859,0.025,0,"6","LY6D"
"197",0,4.25093122538606,0.944,0.055,0,"6","SFN"
"198",0,4.1941549257436,0.847,0.102,0,"6","S100A7"
"199",0,4.19248217365373,0.787,0.057,0,"6","S100A2"
"200",0,4.12937165300506,0.861,0.079,0,"6","DMKN"
"201",0,2.71701776084554,0.944,0.141,0,"7","RACK1"
"202",0,2.64797437382789,0.901,0.136,0,"7","ATP5F1E"
"203",0,2.45189443240109,0.776,0.107,0,"7","NOP53"
"204",0,2.29417830551283,0.823,0.127,0,"7","ATP5MG"
"205",0,2.09610757800366,0.555,0.017,0,"7","FYB1"
"206",0,1.91259368219857,0.703,0.111,0,"7","ATP5MC2"
"207",0,1.79596630946973,0.638,0.108,0,"7","TRIR"
"208",0,1.7242639547021,0.918,0.608,0,"7","RPL17"
"209",0,1.65166520566734,0.662,0.124,0,"7","ELOB"
"210",0,1.53415325836766,0.848,0.497,0,"7","IL32"
"211",0,3.18917655850938,0.97,0.141,0,"8","FCGR3A"
"212",0,3.05803980492216,0.989,0.366,0,"8","LST1"
"213",0,2.94263704220042,0.878,0.058,0,"8","CDKN1C"
"214",0,2.53985807479632,0.991,0.395,0,"8","AIF1"
"215",0,2.47330235568939,0.912,0.159,0,"8","MS4A7"
"216",0,2.32436129913106,0.886,0.107,0,"8","LINC01272"
"217",0,2.28054859036425,0.979,0.366,0,"8","FCER1G"
"218",0,2.09189063501952,0.988,0.553,0,"8","COTL1"
"219",0,2.02997116439407,0.922,0.273,0,"8","IFITM3"
"220",0,1.99807334921034,0.96,0.256,0,"8","SERPINA1"
"221",0,4.33385043606579,0.656,0.11,0,"9","MCTP1"
"222",0,4.19004512202197,0.852,0.023,0,"9","SPARCL1"
"223",0,3.7527769242677,0.609,0.004,0,"9","ACKR1"
"224",0,3.66687309411956,0.823,0.038,0,"9","TM4SF1"
"225",0,3.53389672894387,0.929,0.127,0,"9","IGFBP7"
"226",0,3.47934132701005,0.842,0.034,0,"9","A2M"
"227",0,3.47601947745288,0.77,0.012,0,"9","AQP1"
"228",0,3.32902051997856,0.826,0.134,0,"9","TCF4"
"229",0,3.17658974047701,0.844,0.049,0,"9","CAV1"
"230",0,3.0645550811148,0.888,0.09,0,"9","IFI27"
