"","p_val","avg_log2FC","pct.1","pct.2","p_val_adj"
"GJB2",0,1.9157752618005,1,1,0
"KRT6A",2.2180795706069e-145,1.0670210858587,0.92,0.851,6.2525445015838e-141
"SERPINB4",7.85430016675797e-134,1.49505968804276,0.847,0.808,2.2140486740074e-129
"SERPINB3",5.00776502820256e-125,1.36062776084312,0.801,0.751,1.41163888380002e-120
"RPS8",3.42370541239913e-122,-0.345757289307781,0.987,0.999,9.6510831870119e-118
"RPL18",5.55217736547067e-121,-0.335547258828776,0.973,0.998,1.56510327755253e-116
"GJB6",1.78882845574938e-118,0.920718676806424,0.696,0.561,5.04252853391192e-114
"RPS4X",1.63197580091574e-116,-0.43861392840903,0.965,0.996,4.60037658520138e-112
"RPL7A",5.22860317178053e-110,-0.36214804856803,0.97,0.996,1.47389094809321e-105
"RPS3A",4.28908771851124e-105,-0.388106008784745,0.951,0.991,1.20905093697113e-100
"LAMTOR4",1.08829636636251e-102,-0.423378351605803,0.627,0.822,3.06779862713928e-98
"RPS14",4.43979904728326e-98,-0.313457250068567,0.981,0.999,1.25153495343868e-93
"RPS5",1.1972831023182e-96,-0.331700815810609,0.937,0.99,3.37502133712478e-92
"KRT6B",6.70829284143671e-96,1.37527832980538,0.759,0.623,1.89100066907259e-91
"RPL15",2.6642458321521e-95,-0.30927064218381,0.967,0.996,7.51024257625355e-91
"SPRR2A",1.426438232653e-92,1.33211998764007,0.721,0.568,4.02098673402554e-88
"S100A8",2.92002070290064e-92,0.615372584978858,0.99,0.997,8.23124635940662e-88
"SNHG5",4.34225451802748e-91,-0.79412669759965,0.366,0.583,1.22403812608677e-86
"ALDH3A2",1.47323066137403e-90,-0.308097915996692,0.481,0.694,4.15288991134725e-86
"RPL3",2.53638325514685e-90,-0.400376541923436,0.963,0.996,7.14981075793344e-86
"KRT16",5.45903113324068e-90,1.11702039567499,0.889,0.841,1.53884628614921e-85
"EEF1G",3.92807096768682e-88,-0.5077036802444,0.678,0.845,1.10728392508124e-83
"BTG1",2.76018737642216e-85,-0.459948146675652,0.718,0.895,7.78069219539643e-81
"POU3F1",3.95360068425408e-85,-0.367649549527214,0.425,0.628,1.11448049688438e-80
"S100A7",6.46714444941696e-84,0.732807086485614,0.979,0.976,1.82302334884615e-79
"PI3",1.0856047543444e-83,1.68445828472848,0.563,0.373,3.06021124202143e-79
"RPL17",1.9737860233579e-81,-0.386891910902925,0.913,0.97,5.56390542124358e-77
"RPL18A",6.14615811144518e-81,-0.329050296317114,0.96,0.99,1.73254051003528e-76
"KRT17",1.45105133662312e-80,1.43531733422187,0.764,0.678,4.0903686128069e-76
"DEFB4A",1.85842725911413e-80,1.47001865592093,0.349,0.151,5.23872060071681e-76
"CLEC2B",3.72114653295238e-80,-0.411239518638521,0.58,0.79,1.04895399617395e-75
"CCND1",2.27206517335388e-79,-0.331038779533962,0.341,0.559,6.40472451716724e-75
"RPL6",5.81399306564183e-76,-0.375174613020641,0.743,0.844,1.63890650527378e-71
"RPS10",4.21794123238571e-75,-0.316350226006755,0.91,0.981,1.18899545399721e-70
"RPL9",7.48064631251149e-74,-0.34525124688111,0.89,0.975,2.10871938903386e-69
"GAS5",1.02184586847437e-73,-0.448815050510229,0.425,0.633,2.88048131864241e-69
"SNHG29",2.30479374473572e-73,-0.561017220429764,0.52,0.702,6.49698308703551e-69
"APOE",3.3121113826223e-70,-0.556298991400964,0.475,0.665,9.33651077647401e-66
"PNRC1",1.49363164394357e-69,-0.328101504981036,0.685,0.862,4.21039824111253e-65
"IRF1",2.28360208291856e-68,-0.371781771271338,0.316,0.512,6.43724591153912e-64
"RORA",2.2128031220083e-67,-0.335732767135141,0.451,0.64,6.23767072062919e-63
"S100A9",7.22011530206186e-67,0.509419279107808,0.99,0.997,2.03527830249822e-62
"LGALS3",3.90252071291865e-66,-0.494028053525078,0.779,0.924,1.10008156376464e-61
"NUPR1",1.18514774115124e-64,-0.301377267886497,0.665,0.829,3.34081296753123e-60
"RPL7",8.03974579848173e-62,-0.333660197886914,0.877,0.965,2.26632394313401e-57
"H3F3A",3.16580759883045e-61,-0.35555182889886,0.703,0.84,8.92409504034316e-57
"RPL21",1.16060696628805e-59,-0.323530592460519,0.913,0.978,3.27163497726939e-55
"RPL36A",3.25682000147345e-57,-0.33150482329661,0.807,0.929,9.18064990215351e-53
"CRIP1",9.31674747345995e-57,-0.447040513757959,0.224,0.401,2.62629794529362e-52
"KRT6C",1.22243719401405e-56,1.2112656579782,0.615,0.477,3.44592820620622e-52
"CCL27",6.84375051779587e-54,-0.403178705871411,0.334,0.529,1.92918483346148e-49
"XIST",5.07197684911465e-51,-0.327359606002734,0.073,0.204,1.42973955399693e-46
"RPS17",2.22463300954037e-49,-0.322423394146193,0.888,0.978,6.27101799059336e-45
"TMSB10",1.15517339294249e-48,0.340330283932142,0.931,0.972,3.25631827736559e-44
"PMAIP1",5.43105405785904e-47,-0.33698495732619,0.556,0.726,1.53095982836989e-42
"SPRR1B",1.83134066503172e-46,0.781003731510805,0.63,0.498,5.16236620065792e-42
"IL36G",5.75327752056939e-46,0.564500712319864,0.365,0.21,1.62179140027331e-41
"CRABP2",7.44819163933371e-46,0.58558661124093,0.768,0.787,2.09957074121178e-41
"ACTB",9.76523448550881e-45,0.363906312282861,0.931,0.981,2.75272194912008e-40
"SPRR2D",3.70185817346617e-44,0.648489682408538,0.509,0.355,1.04351680051838e-39
"S100A11",4.35899462217905e-44,0.332656707530085,0.967,0.983,1.22875699404605e-39
"CXCL14",1.4766763939963e-43,-0.494039159874722,0.504,0.689,4.16260308703618e-39
"TCN1",7.11867152600969e-43,0.507382151348167,0.361,0.212,2.00668231646687e-38
"HIST1H4C",2.51818619504293e-41,-0.561081625182562,0.376,0.529,7.09851506520652e-37
"MT1X",9.88423868287901e-41,-0.39115066970086,0.586,0.76,2.78626804231676e-36
"S100A7A",2.91621303203132e-40,1.08648412582575,0.548,0.472,8.2205129159931e-36
"CSTA",7.85664433915019e-39,0.788205367877926,0.842,0.884,2.21470947276305e-34
"SPRR2E",2.0167713007732e-34,0.773830044482106,0.52,0.39,5.68507661974957e-30
"NME2",4.79865662472782e-34,-0.34812035817961,0.614,0.763,1.35269331594453e-29
"LCN2",1.62159283351683e-33,0.785848704200987,0.252,0.134,4.57110803840059e-29
"RHCG",5.27060235007578e-32,0.395398263369495,0.345,0.221,1.48573009646286e-27
"JUN",6.00596572467259e-30,-0.34961614148778,0.737,0.863,1.69302167812796e-25
"DSC1",1.36608396525117e-29,-0.30353011719167,0.273,0.417,3.85085408964653e-25
"KRT15",3.46883633362531e-28,-0.568577529278648,0.186,0.304,9.77830274085639e-24
"TGM1",8.47800508251256e-28,0.459834771508055,0.283,0.176,2.38986485270947e-23
"IVL",1.71314581039619e-27,0.756492825523193,0.477,0.393,4.82918672492582e-23
"SERPINB13",4.86864938965305e-26,0.444123077174973,0.557,0.471,1.3724235764493e-21
"DNAJB1",3.71290718987337e-25,-0.339604921355123,0.77,0.893,1.0466314077534e-20
"ALOX12B",4.33821086088156e-24,0.422854657862415,0.24,0.144,1.2228982595739e-19
"CD24",1.04563034843192e-22,0.621443648361755,0.61,0.606,2.94752738919475e-18
"NFKBIA",2.65822556226878e-20,-0.356200796606272,0.784,0.883,7.49327203747947e-16
"SERPINB1",6.88129502046059e-20,0.572036552546868,0.56,0.504,1.93976825331764e-15
"C10orf99",2.49466794469062e-17,0.548053601464472,0.578,0.543,7.03221946928838e-13
"TMEM45A",2.49686844201664e-17,0.399673047180397,0.818,0.862,7.0384224512007e-13
"CEBPB",1.62755281880555e-16,0.390287360971764,0.732,0.757,4.58790864093096e-12
"HOPX",1.78080482080605e-16,-0.322423601442641,0.705,0.837,5.01991070937018e-12
"FGFBP1",4.6715619598585e-16,0.396800391182681,0.741,0.758,1.31686660086451e-11
"DMKN",1.22705120039044e-15,-0.327502504499101,0.867,0.884,3.4589346287806e-11
"SBSN",4.17477120715772e-15,0.341231971176906,0.804,0.805,1.17682625558569e-10
"IFI6",1.4337584045949e-13,0.627369058420867,0.556,0.534,4.04162156671256e-09
"KRT2",1.88498636691696e-13,-0.384213849910016,0.351,0.44,5.31358806970221e-09
"CNFN",1.12629171934603e-11,0.443056637564108,0.408,0.342,3.17490372766452e-07
"AC004086.1",1.43031748222686e-11,0.43864098903398,0.218,0.151,4.03192195064931e-07
"HIGD1A",2.39197054539813e-11,0.303615044149283,0.575,0.553,6.7427257704228e-07
"CSTB",2.71268968232057e-11,0.448737801791464,0.798,0.877,7.64680094549346e-07
"CTSL",4.86643627502695e-11,0.355589038185565,0.386,0.325,1.37179972156735e-06
"HLA-DRA",8.16908655022323e-11,0.368429277915133,0.274,0.354,2.30278380764242e-06
"MUCL1",1.13994541760997e-10,0.387687502541649,0.201,0.141,3.21339213770075e-06
"H3-3B",1.39910928678405e-10,0.365853675579174,0.212,0.15,3.94394916851557e-06
"MPZL2",1.79176327884658e-10,0.330107675503708,0.631,0.636,5.05080150674063e-06
"TYMP",1.99889866793134e-10,0.318899674933084,0.814,0.898,5.63469545503165e-06
"LYPD3",4.09446379127974e-10,0.389243576847139,0.747,0.805,1.15418839812385e-05
"S100A2",6.81091453435065e-09,0.308700677537451,0.851,0.851,0.00019199286980881
"ANXA1",1.07287308886503e-07,0.387697384768495,0.692,0.707,0.00302432195020164
"KLK7",1.72923180871618e-07,0.391168607712079,0.336,0.288,0.00487453154559004
"SYPL1",1.37880750493124e-06,0.348957307719687,0.686,0.702,0.0388672047565068
"SQLE",1.6383654019302e-06,0.307778961746685,0.573,0.576,0.0461838823150104
"DSC2",4.1739599555548e-06,0.43387770601092,0.559,0.553,0.117659757187134
"SULT2B1",1.72092250774336e-05,0.325221675709024,0.502,0.505,0.485110845707775
"CD36",2.08074348302499e-05,0.329920660276619,0.253,0.217,0.586540780429913
"DEFB1",0.00380199258011221,0.336537923944456,0.602,0.639,1
"ATP1B1",0.0114403423265465,0.377980172677677,0.387,0.366,1
