"","MM","GS","group"
"NOS2",0.804382223166592,0.674248076076784,TRUE
"AASS",0.864564963893896,0.55805981532059,TRUE
"TACC3",0.834590621052384,0.533805709142047,TRUE
"SERPINB1",0.837520920820869,0.639508803873654,TRUE
"SLAMF7",0.846353621584102,0.534676040678019,TRUE
"UBA6",0.824884251390199,0.448523042785848,TRUE
"DEPDC1B",0.829237479390689,0.573488100781068,TRUE
"TNIP3",0.830710793719733,0.677476535262924,TRUE
"SERPINB3",0.878959740435763,0.804099840308115,TRUE
"PRDM1",0.812277744061315,0.507797337572482,TRUE
"MXD1",0.802329647887376,0.552866354688239,TRUE
"CDH3",0.80493981827222,0.614760778636231,TRUE
"ARSF",0.806355936913421,0.769198406687156,TRUE
"MCM10",0.878375859619057,0.529542895347262,TRUE
"PRKCQ",0.842442436603039,0.596477925944594,TRUE
"PRR11",0.834036414276279,0.471877601548213,TRUE
"MAPK6",0.863761177629351,0.515781909769313,TRUE
"TRIP13",0.830390781797808,0.53027742688816,TRUE
"TRIB2",0.81990068977194,0.461539126458093,TRUE
"SPAG5",0.820729578388256,0.456754638861796,TRUE
"IL4R",0.865820126441402,0.66801534983883,TRUE
"LAMP3",0.824467737584767,0.499303607815305,TRUE
"NDC80",0.842884944857457,0.510905498043204,TRUE
"RAB10",0.85668737871614,0.422596706493177,TRUE
"TTC39A",0.872110186570858,0.731668691241593,TRUE
"TPX2",0.84736872771772,0.473024936366,TRUE
"OAS1",0.834523907267098,0.581860292724,TRUE
"BIRC5",0.821533644608718,0.595243897047658,TRUE
"RGS1",0.802336663141093,0.633199230051855,TRUE
"KIF4A",0.878588039769953,0.497048912294234,TRUE
"TGM1",0.845156380136445,0.772933867212819,TRUE
"CLSPN",0.821169992347971,0.435551751229141,TRUE
"CDC45",0.816375026163075,0.615349074055037,TRUE
"CDC6",0.898443368040907,0.579351026145153,TRUE
"SLC5A1",0.873510897184297,0.694669301289732,TRUE
"APOL1",0.825034824330549,0.584825958682752,TRUE
"KCNK10",0.820008985908185,0.565896310229648,TRUE
"GZMB",0.808971840648181,0.626161534557108,TRUE
"SPTLC2",0.936540740361911,0.600782613712553,TRUE
"HIF1A",0.811513844072128,0.40859768203019,TRUE
"GINS1",0.860321010955971,0.487251181514286,TRUE
"CDC25B",0.810244896809564,0.566344139994658,TRUE
"FERMT1",0.804738652811417,0.514515803248973,TRUE
"AMMECR1",0.86226826765066,0.514947842088438,TRUE
"GDPD3",0.81399589754936,0.738675416705083,TRUE
"HAS3",0.804440881740198,0.598789457097935,TRUE
"ABCC1",0.847551125165643,0.531402711574114,TRUE
"SQLE",0.854998667350427,0.505165523564285,TRUE
"ASF1B",0.844565598729084,0.608497948198179,TRUE
"CCNE1",0.853192412381156,0.670915938650754,TRUE
"NAMPT",0.869228824571353,0.639619469138099,TRUE
"PON2",0.8231040773965,0.53296912388775,TRUE
"HYAL4",0.848028663089466,0.674887916735889,TRUE
"TRIM14",0.838860252897991,0.42647713121253,TRUE
"NCAPG",0.859243246044173,0.521101796164379,TRUE
"PANX1",0.834498253119924,0.44120206391015,TRUE
"FOXM1",0.862513297651088,0.551336112578038,TRUE
"OAS3",0.866183626653069,0.565280206683536,TRUE
"OAS2",0.854864475477372,0.560810188443939,TRUE
"TIMELESS",0.851451736097998,0.498852063083073,TRUE
"NCOA7",0.821824740031575,0.420633989908112,TRUE
"IL17A",0.808614002660846,0.655637641307651,TRUE
"FBXO9",0.807437219479052,0.504424410185753,TRUE
"VNN1",0.809908823557536,0.586300432937589,TRUE
"KIF20A",0.873389519134317,0.596017603464534,TRUE
"POLR3G",0.860408262153557,0.557605763397614,TRUE
"LMNB1",0.874734581761149,0.546401087715516,TRUE
"HRH2",0.844213857720351,0.67053675654047,TRUE
"WNT5A",0.880244520303807,0.624137959718184,TRUE
"IFIH1",0.840144690499132,0.442835333429005,TRUE
"STAT1",0.890210872135889,0.552841145068703,TRUE
"KYNU",0.885537188521834,0.747814167508842,TRUE
"GBP1",0.865169855152463,0.588976673422921,TRUE
"CDC20",0.827802764945676,0.696858830889244,TRUE
"MREG",0.865464009028495,0.608448448011173,TRUE
"ATP10B",0.830965805659149,0.546253633628412,TRUE
"SGK1",0.815215674185882,0.61191438771251,TRUE
"GPR68",0.817964819682369,0.674846363051527,TRUE
"IFIT3",0.81920667151924,0.495921251205641,TRUE
"CD274",0.859916716745972,0.616234046692941,TRUE
"TRIM25",0.813897640565845,0.405934775059193,TRUE
"NCAPH",0.813065707996111,0.49997643289928,TRUE
"PLBD1",0.877919569762343,0.67168042089298,TRUE
"KIF18A",0.808189772777043,0.44166947939212,TRUE
"GJB6",0.881666705803839,0.742077082473139,TRUE
"TNFSF10",0.837178284945312,0.547808782233987,TRUE
"ZWINT",0.818744202245152,0.558903884692569,TRUE
"STIL",0.842432819413616,0.465756435051196,TRUE
"NMI",0.863746294660219,0.509913480404925,TRUE
"KCNJ2",0.814438426797827,0.452968815625943,TRUE
"RAB38",0.86214600090649,0.638994238836566,TRUE
"CKS2",0.81505461998223,0.658419642241396,TRUE
"PI3",0.838771982829066,0.831426792736596,TRUE
"DLGAP5",0.87048560055126,0.577682681067228,TRUE
"APOL2",0.818693624708391,0.527072887494658,TRUE
"CHAC1",0.821798122145422,0.768548983433127,TRUE
"TXNDC17",0.837299529118659,0.626594235065881,TRUE
"IDO1",0.803814890374845,0.579156818451808,TRUE
"TOP2A",0.853748214246592,0.465959873224603,TRUE
"GCH1",0.888723810887664,0.532161267709203,TRUE
"CARD6",0.852387798475827,0.541172249049613,TRUE
"EPSTI1",0.823046307313876,0.533674877159015,TRUE
"EPHB2",0.824556492495292,0.65721069169743,TRUE
"CCNB1",0.910840299496452,0.709673517379899,TRUE
"IRAK2",0.898079149630783,0.664066182814409,TRUE
"CMPK2",0.825792730515033,0.528312869855584,TRUE
"CDCA8",0.829712721777232,0.516022681322324,TRUE
"DSC2",0.857034515353155,0.594118034065138,TRUE
"DSG3",0.903201018055082,0.635891579044044,TRUE
"TCN1",0.854632885808527,0.754358082965144,TRUE
"TMEM165",0.862031684102233,0.681267708562942,TRUE
"OASL",0.854498299582289,0.711702196028359,TRUE
"EHF",0.912985955163779,0.684660138006052,TRUE
"PRRG4",0.850916478971145,0.505113965047298,TRUE
"MPHOSPH6",0.872668301699869,0.622011210219128,TRUE
"CKAP4",0.910962788067587,0.561863591636145,TRUE
"TMPRSS4",0.826905820215934,0.675419215379445,TRUE
"NUSAP1",0.800743423701624,0.42715642267507,TRUE
"KIF23",0.840441240941234,0.484214973262959,TRUE
"IFI44",0.831027310910346,0.556111073890821,TRUE
"CLCA2",0.898963616023692,0.557192236075169,TRUE
"KIF11",0.840191389011394,0.418826241750769,TRUE
"CEP55",0.820607320324882,0.517174398362796,TRUE
"FASTKD1",0.800925320834208,0.521481897877345,TRUE
"PARP9",0.895028025026618,0.573637856777908,TRUE
"HERC6",0.82018257927162,0.541978748146851,TRUE
"GLTP",0.856221913267432,0.662303608175506,TRUE
"SLC7A1",0.818646260245396,0.497094804748793,TRUE
"RDH16",0.817576750798214,0.683025781904665,TRUE
"GALNT6",0.85887443405745,0.621760943733732,TRUE
"DIAPH3",0.851393724696159,0.460569267165194,TRUE
"RHCG",0.839583196041954,0.797042017703458,TRUE
"SLC39A6",0.838401395999387,0.473433167155509,TRUE
"KIF2C",0.862510502890871,0.590382516482349,TRUE
"NUF2",0.815206271504071,0.469393377734087,TRUE
"S100A8",0.845526191168013,0.814822137689252,TRUE
"S100A7",0.846829907458966,0.794034582562242,TRUE
"ABCA12",0.813775736293579,0.495625553140942,TRUE
"NFKBIZ",0.835243843655293,0.631926646962064,TRUE
"CCNA2",0.906162526059588,0.612140078122773,TRUE
"TNFRSF21",0.815985152949393,0.505434329951875,TRUE
"TPBG",0.888620012484456,0.596709346148634,TRUE
"CDCA5",0.870518063170718,0.579856315627362,TRUE
"SHROOM2",0.827685331109239,0.504191490445721,TRUE
"MFHAS1",0.859527167270419,0.513870860766523,TRUE
"ATP6V1B2",0.885410056574238,0.447141589368186,TRUE
"GINS4",0.819119009071798,0.448977618482182,TRUE
"FAM83A",0.836670165301177,0.68532222820354,TRUE
"UGCG",0.851706130435841,0.567026187718593,TRUE
"LCN2",0.812807214267353,0.771743090339644,TRUE
"CHEK1",0.826324705527648,0.400890993260571,TRUE
"MPZL2",0.901555118728629,0.671703860420083,TRUE
"SLC7A11",0.838125502818848,0.559249174867617,TRUE
"ADAM17",0.819913599169597,0.312848532471113,TRUE
"TMEM45B",0.872014299340893,0.75413091092516,TRUE
"SPC25",0.837009626595743,0.594505094115077,TRUE
"TMPRSS11D",0.880825837833014,0.731199312618223,TRUE
"GBP5",0.841600387809937,0.532104387190151,TRUE
"SKA1",0.863971753462521,0.547835209495568,TRUE
"HEATR3",0.867158144051978,0.580657320885268,TRUE
"UBE2L6",0.821832227709876,0.584322212598123,TRUE
"BUB1B",0.862821367573331,0.469865419364926,TRUE
"LRP8",0.848718112064031,0.540259485929627,TRUE
"CCNB2",0.878688792873941,0.624146083215281,TRUE
"KCNJ15",0.812534866020933,0.586354837477962,TRUE
"MX1",0.806508458140051,0.579226734912353,TRUE
"PLA2G4D",0.879658302210068,0.824104507072661,TRUE
"HK2",0.85880617552331,0.591017378646304,TRUE
"SHC1",0.820259925698485,0.492742025218852,TRUE
"PDZK1IP1",0.823198002259644,0.772035287938202,TRUE
"VSNL1",0.823335897188397,0.545148618015833,TRUE
"S100A11",0.821397824841628,0.509691619842576,TRUE
"LCE3D",0.812490652387526,0.756216220910775,TRUE
"SPRR2D",0.830391964450472,0.778308486754941,TRUE
"PGLYRP4",0.802800426456141,0.639728265470521,TRUE
"S100A9",0.836995242896249,0.85257823833994,TRUE
"S100A12",0.829133704078366,0.779119433641825,TRUE
"IFI16",0.842857031270078,0.479748124111848,TRUE
"CXCL1",0.817330265890196,0.692890677816263,TRUE
"KIF15",0.802920184247033,0.409124306546872,TRUE
"DTX3L",0.880650389780558,0.473841626775342,TRUE
"ZC3H12A",0.86738257257752,0.819090684197781,TRUE
"METAP1",0.875591705434559,0.468867089749938,TRUE
"CDC25A",0.864604877431255,0.516106951035913,TRUE
"PTTG1",0.825164619377193,0.583702027973349,TRUE
"FABP5",0.844018533532454,0.750732490675738,TRUE
"MELK",0.876407878861525,0.546174484694746,TRUE
"GJB2",0.892626558775755,0.781097258964526,TRUE
"SKA3",0.827820938096739,0.515783173614528,TRUE
"CASP7",0.851447232340522,0.57777840255432,TRUE
"TC2N",0.823318254267984,0.484230826295055,TRUE
"IFI27",0.819009881196178,0.661681563904157,TRUE
"ARL5B",0.809957740551413,0.428541082970398,TRUE
"IDH3A",0.917922413508106,0.614119519127313,TRUE
"CENPN",0.885533810267593,0.555240622400712,TRUE
"PLK1",0.843487718427376,0.634003991837743,TRUE
"CLPX",0.815817579024718,0.383882428032608,TRUE
"KLK13",0.850105152319924,0.754636165039378,TRUE
"RAB31",0.829995842212771,0.46250198706661,TRUE
"STAT3",0.845909150556275,0.604862802364326,TRUE
"PCSK9",0.820619082978639,0.611369551592946,TRUE
"PGM2",0.926220841251887,0.64444036179183,TRUE
"SPRR1B",0.823442990711792,0.705068662915583,TRUE
"CDK1",0.846030061629988,0.59791525082484,TRUE
"HSPA4",0.812260318522147,0.331728095856076,TRUE
"FUT3",0.841779729625934,0.726676881791014,TRUE
"ESCO2",0.830084116032739,0.500151935737525,TRUE
"DEFB4A",0.823352592774743,0.809468901169373,TRUE
"RRM2",0.912840954863437,0.652546810691265,TRUE
"CLEC7A",0.891457594177703,0.637105492356608,TRUE
"ABCG4",0.807434573114512,0.693671166829087,TRUE
"PRSS27",0.848877051992648,0.77427977992247,TRUE
"NIPAL4",0.803570891277099,0.536944840601816,TRUE
"RASGRP1",0.85264172857149,0.487098357526381,TRUE
"CYP7B1",0.818893021307383,0.412589773479602,TRUE
"HPSE",0.889945430770396,0.734704615943972,TRUE
"PARP14",0.833216421055622,0.432949503240684,TRUE
"FBXO45",0.844809090592355,0.577805747379723,TRUE
"EXO1",0.810182090861562,0.432583552552554,TRUE
"SLC26A9",0.86157892995461,0.67779621274812,TRUE
"UBE2C",0.835303902059304,0.615315172178077,TRUE
"ZDHHC21",0.887594566766274,0.555964180083538,TRUE
"CDK5R1",0.880137082505184,0.667077977620013,TRUE
"FUT2",0.811187858653383,0.69055385840198,TRUE
"FOXE1",0.845525336920321,0.643366855082138,TRUE
"HIGD1A",0.83412436716809,0.53565773148091,TRUE
"HEPHL1",0.870143990125816,0.758136740494972,TRUE
"DDX60L",0.81085222237739,0.412325648340802,TRUE
"KPNA2",0.866763401538373,0.631490356107337,TRUE
"TREX2",0.800971829753136,0.800181449566317,TRUE
"UPP1",0.818981325953601,0.72796775625479,TRUE
"LRRC55",0.805779404055505,0.61196121310984,TRUE
"ADAP2",0.881209313227377,0.670414744976113,TRUE
"UBE2F",0.843762386505399,0.581862776151515,TRUE
"S100A7A",0.848941282830576,0.766091902663358,TRUE
"CDCA2",0.852426194898986,0.485293695561478,TRUE
"FAM110C",0.921920407413081,0.647504104099133,TRUE
"FAM43A",0.84675933976942,0.706327978813082,TRUE
"LCE3E",0.806221926050289,0.751226016932925,TRUE
"SPIN4",0.854741109014505,0.509190231044886,TRUE
"KRT16",0.82385640484,0.689255664755522,TRUE
"ERCC6L",0.857617981601916,0.522720270162029,TRUE
"DCUN1D3",0.849416158584518,0.55324894899278,TRUE
"PLSCR1",0.832819046359816,0.526091813547184,TRUE
"RNF222",0.815481777480122,0.670870308526214,TRUE
"FAM111B",0.813819407293788,0.494864410885284,TRUE
"GM2A",0.914562948043412,0.72457970799041,TRUE
"S100A2",0.816840855388721,0.721346207630113,TRUE
"CD47",0.834447972242805,0.415786744042024,TRUE
"SPRR2B",0.804476689109445,0.747006360309396,TRUE
"LRRC8B",0.826849017113698,0.471623109586937,TRUE
"BLM",0.824849870087484,0.445719718407555,TRUE
"SLC28A3",0.82484306763694,0.560676607246454,TRUE
"SERPINB13",0.894267699144096,0.692344896728905,TRUE
"FCHSD1",0.814815985026386,0.771775502889595,TRUE
"MPZL1",0.805696014637191,0.35844128737628,TRUE
"ENTPD7",0.8799147812947,0.511695165025235,TRUE
"AKR1B10",0.879054801950988,0.7740031317095,TRUE
"PNP",0.863238680725208,0.742057403575129,TRUE
"TOP1",0.84935088581572,0.487754418482903,TRUE
"SPRR2E",0.80598354260928,0.76670784439981,TRUE
"SAMD9",0.887000112449923,0.578455303536202,TRUE
"KRT6A",0.842286765895396,0.737168695887912,TRUE
"SERPINB4",0.871917771372949,0.785011662883113,TRUE
"APOL6",0.896394387607544,0.557166238730834,TRUE
"AKR1B15",0.818708274176924,0.698361963688948,TRUE
"SPRR2A",0.845862304933335,0.749851669699143,TRUE
"CFB",0.806128885516946,0.544092087126034,TRUE
"SPRR2F",0.828619404166454,0.783827485034235,TRUE
"LYN",0.862699606168372,0.530937047144622,TRUE
"SLC6A14",0.876184740988075,0.752891484872853,TRUE
